timestamp,company_name,sector_choice,search_results,selected_index,selected_url,feedback_text,accepted
2025-11-27T23:24:46.717094,rapid rent,Real Estate,"[{""url"": ""https://www.rapidpaycard.com/cardholder-login/"", ""title"": ""Cardholder Login - rapid ! PayCard"", ""snippet"": ""The rapid! PayCard blog and any information contained within do not reflect the views of Pathward, N.A. or Mastercard or Visa, nor are they endorsed by Pathward, N.A. or Mastercard \u2026"", ""source"": ""duckduckgo""}, {""url"": ""https://www.rapidpaycard.com/"", ""title"": ""rapid ! PayCard"", ""snippet"": ""The rapid! PayCard blog and any information contained within do not reflect the views of Green Dot Bank or Mastercard or Visa, nor are they endorsed by Green Dot Bank or Mastercard or \u2026"", ""source"": ""duckduckgo""}, {""url"": ""https://www.merriam-webster.com/dictionary/rapid"", ""title"": ""RAPID Definition & Meaning - Merriam-Webster"", ""snippet"": ""The meaning of RAPID is marked by a fast rate of motion, activity, succession, or occurrence. How to use rapid in a sentence. Synonym Discussion of Rapid."", ""source"": ""duckduckgo""}, {""url"": ""https://dictionary.cambridge.org/dictionary/english/rapid"", ""title"": ""RAPID | English meaning - Cambridge Dictionary"", ""snippet"": ""RAPID definition: 1. fast or sudden: 2. fast or sudden: 3. quick or sudden: . Learn more."", ""source"": ""duckduckgo""}, {""url"": ""https://rapidfs.com/login"", ""title"": ""rapid ! CardHolder Web"", ""snippet"": ""Access your rapid! Cardholder account securely to manage your payroll card and related services online."", ""source"": ""duckduckgo""}]",0,https://www.rapidpaycard.com/cardholder-login/,"busco rapid rent y real estate y me salen cosas q no tienen nada q ver: ww.rapidpaycard.com – Cardholder Login - rapid ! PayCard


www.rapidpaycard.com – rapid ! PayCard


www.merriam-webster.com – RAPID Definition & Meaning - Merriam-Webster


dictionary.cambridge.org – RAPID | English meaning - Cambridge Dictionary",0
2025-11-27T23:26:04.933983,amazon,Real Estate,"[{""url"": ""https://thehgwells.co.uk/amazon-is-building-a-property-empire-quietly-buying-land-across-the-u-s.html"", ""title"": ""Amazon Is Building a Property Empire, Quietly Buying Land"", ""snippet"": ""Amazon ideas to use considerably of the real estate for a new generation of towering success facilities that can retail store a huge selection of ..."", ""source"": ""duckduckgo""}, {""url"": ""https://worthyinsights.com/amazon-builds-property-empire-quietly-buying-land-across-the-u-s/"", ""title"": ""Amazon builds property empire, quietly buying land across the"", ""snippet"": ""Amazon plans to use much of the real estate for a new generation of towering fulfillment centers that can store a wide variety of products close to ..."", ""source"": ""duckduckgo""}, {""url"": ""https://www.wikidata.org/wiki/Q40040"", ""title"": ""Amazonas - Wikidata"", ""snippet"": ""The Amazon Basin, Brazil.jpg 2 ... https://globaldatalab.org/shdi/shdi/BRA/?levels=1%2B4&interpolation=0&extrapolation=0&nearest_ real =0"", ""source"": ""duckduckgo""}, {""url"": ""https://www.planetizen.com/news/2022/06/117483-amazons-growing-real-estate-empire"", ""title"": ""Amazon\u2019s Growing Real Estate Empire | Planetizen News"", ""snippet"": ""As the authors note, \u201cIt\u2019s a potentially risky strategy that exposes Amazon to the vagaries of the industrial real estate market."", ""source"": ""duckduckgo""}, {""url"": ""https://southfloridalawblog.com/tag/amazon/"", ""title"": ""Amazon Archives - South Florida Law Blog"", ""snippet"": ""... Realogy, the largest residential real estate brokerage ... Real Estate Industry and Innovation Back in June, Amazon officially opened its [ \u2026 ]"", ""source"": ""duckduckgo""}]",0,https://thehgwells.co.uk/amazon-is-building-a-property-empire-quietly-buying-land-across-the-u-s.html,"busco amazon en real estate y me salen noticias pero no negocios, hay q mirar esto bien",0
